timestamp,step,session_id,experiment_name,model_file,current_mode,hybrid_min_current_ma,coral_delta,coral_buffer,coral_window,soc,soc_unclamped,charge_mah,discharge_mah,soc_coulomb,soc_coulomb_unclamped,charge_wh,discharge_wh,load_kw,pv_kw,price,hour,dow,price_norm,pv_support_ratio,pv_bool,pv_active,load_source,load_fallback_used,mppt_mean_mW,mppt_max_mW,mppt_std_mW,bus_p_mean_mW,load_p_mean_mW,batt_p_mean_mW,batt_v_mean,batt_i_mean_ma,bus_v_mean,grid_v_mean,n_samples,completeness,action_power_kw,action_flow_pct,power_mw_cmd,flow_pct_cmd,situation_code,load_groups,pv_surplus_kw,guard_delta_mW,guard_force_charge_low_soc,guard_block_low_soc_discharge,guard_block_high_soc_charge,guard_block_pv_active_discharge,guard_block_voltage_cutoff,warn_load_over_discharge_limit,guard_block_invalid_discharge,guard_block_no_pv_surplus_charge,guard_flow_power_limited,flow_charge_limit_kw,flow_discharge_limit_kw,guard_block_discharge_intent_threshold,guard_block_firmware_override_discharge,guard_block_isolated_load_bus_discharge,guard_block_health_lock_discharge,firmware_override_discharge_samples_window,isolated_load_bus_samples_window,voltage_cutoff_active,voltage_cutoff_day_locked,voltage_cutoff_day_count,cutoff_soc_fallback_enabled,cutoff_soc_fallback_percent,cutoff_soc_fallback_applied,cutoff_soc_before,cutoff_soc_after,soh_health_enabled,soh_health_lock_active,soh_health_lock_reason,soh_record_candidate,soh_last_record_time,soh_record_reason,soh_low_voltage_samples_window,soh_low_voltage_streak,soh_recovery_samples,soh_voltage_sag_v,soh_proxy_score,soh_prediction_enabled,soh_model_path,soh_last_prediction_time,soh_last_value,soh_prediction_status,soh_prediction_method,soh_effective_capacity_mah,soh_use_for_capacity,coral_active,coral_clipped,coral_delta_mW,coral_interventions,coral_residual_count,action_raw_kw,grid_p_mean_mW,grid_i_mean_ma
2026-07-18 00:00:00,97,20260716_235940,_internal,best_sac_model.pth#c0364fb07e,hybrid,50.0,0.15,0.03,96,0.2855,0.2851,17717.41,17157.41,0.2908,0.2904,130.0617,116.2427,0.002146,1.1e-05,2.06,0,5,0.206,0.005126,1,1,measured,0,10.75,11.0,1.63,0.0,2145.89,-590.87,6.078,-97.2,0.917,12.898,89,1.0,-0.00055967,60.0,559.7,60.0,1,1,-0.002135,0.0,0,0,0,0,0,0,0,0,1,0.0051,0.0033599999999999,0,0,0,0,0,0,0,0,0,0,0.0,0,0.0,0.0,0,0,,0,2026-07-17 16:15:00,"natural_charge_window:soc=0.741,i=119.0mA,v=7.83V",0,0,0,0.0,100.0,0,soh_models,,,,,2000.0,0,1,0,0.0,47,96,-0.00055967,2145.89,166.38
2026-07-18 00:15:00,98,20260716_235940,_internal,best_sac_model.pth#c0364fb07e,hybrid,50.0,0.15,0.03,96,0.2702,0.2702,17717.41,17181.12,0.2767,0.2762,130.0617,116.3857,0.002117,1.1e-05,2.06,0,5,0.206,0.005196,1,1,measured,0,11.0,11.0,0.0,0.0,2117.29,-606.97,5.982,-101.4,0.938,12.899,88,1.0,-0.00058681,60.0,586.8,60.0,1,1,-0.002106,0.0,0,0,0,0,0,0,0,0,1,0.0051,0.0033599999999999,0,0,0,0,0,0,0,0,0,0,0.0,0,0.0,0.0,0,0,,0,2026-07-17 16:15:00,"natural_charge_window:soc=0.741,i=119.0mA,v=7.83V",0,0,0,0.0,100.0,0,soh_models,,,,,2000.0,0,1,0,0.0,47,96,-0.00058681,2117.29,164.15
2026-07-18 00:30:00,99,20260716_235940,_internal,best_sac_model.pth#c0364fb07e,hybrid,50.0,0.15,0.03,96,0.257,0.2564,17717.41,17204.84,0.263,0.2624,130.0617,116.5278,0.002133,1.1e-05,2.06,0,5,0.206,0.005157,1,1,measured,0,11.0,11.0,0.0,0.0,2133.15,-570.93,5.992,-95.2,0.939,12.904,88,1.0,-0.00058506,60.0,585.1,60.0,1,1,-0.002122,0.0,0,0,0,0,0,0,0,0,1,0.0051,0.0033599999999999,0,0,0,0,0,0,0,0,0,0,0.0,0,0.0,0.0,0,0,,0,2026-07-17 16:15:00,"natural_charge_window:soc=0.741,i=119.0mA,v=7.83V",0,0,0,0.0,100.0,0,soh_models,,,,,2000.0,0,1,0,0.0,47,96,-0.00058506,2133.15,165.32
2026-07-18 00:45:00,100,20260716_235940,_internal,best_sac_model.pth#c0364fb07e,hybrid,50.0,0.15,0.03,96,0.2427,0.2422,17717.41,17230.06,0.2484,0.2481,130.0617,116.6781,0.00215,1.1e-05,2.06,0,5,0.206,0.005116,1,1,measured,0,10.88,11.0,1.15,0.0,2150.25,-595.28,5.971,-99.8,0.917,12.903,90,1.0,-0.00060022,60.0,600.2,60.0,1,1,-0.002139,0.0,0,0,0,0,0,0,0,0,1,0.0051,0.0033599999999999,0,0,0,0,0,0,0,0,0,0,0.0,0,0.0,0.0,0,0,,0,2026-07-17 16:15:00,"natural_charge_window:soc=0.741,i=119.0mA,v=7.83V",0,0,0,0.0,100.0,0,soh_models,,,,,2000.0,0,1,0,0.0,47,96,-0.00060022,2150.25,166.66
2026-07-18 01:00:00,101,20260716_235940,_internal,best_sac_model.pth#c0364fb07e,hybrid,50.0,0.15,0.03,96,0.2286,0.2282,17717.41,17253.94,0.2343,0.2344,130.0617,116.8184,0.002136,1.1e-05,2.06,1,5,0.206,0.00515,1,1,measured,0,10.89,12.0,1.16,0.0,2136.27,-583.3,5.896,-99.0,0.93,12.9,90,1.0,-0.00056111,60.0,561.1,60.0,1,1,-0.002125,0.0,0,0,0,0,0,0,0,0,1,0.0051,0.0033599999999999,0,0,0,0,0,0,0,0,0,0,0.0,0,0.0,0.0,0,0,,0,2026-07-17 16:15:00,"natural_charge_window:soc=0.741,i=119.0mA,v=7.83V",0,0,0,0.0,100.0,0,soh_models,,,,,2000.0,0,1,0,0.0,47,96,-0.00056111,2136.27,165.61
2026-07-18 01:15:00,102,20260716_235940,_internal,best_sac_model.pth#c0364fb07e,hybrid,50.0,0.15,0.03,96,0.215,0.2145,17717.41,17277.81,0.2212,0.2209,130.0617,116.9577,0.002128,1.1e-05,2.06,1,5,0.206,0.005169,1,1,measured,0,11.0,11.0,0.0,0.0,2127.73,-593.72,5.811,-102.2,0.939,12.903,90,1.0,-0.00056717,60.0,567.2,60.0,1,1,-0.002117,0.0,0,0,0,0,0,0,0,0,1,0.0051,0.0033599999999999,0,0,0,0,0,0,0,0,0,0,0.0,0,0.0,0.0,0,0,,0,2026-07-17 16:15:00,"natural_charge_window:soc=0.741,i=119.0mA,v=7.83V",0,0,0,0.0,100.0,0,soh_models,,,,,2000.0,0,1,0,0.0,47,96,-0.00056717,2127.73,164.9
2026-07-18 01:30:00,103,20260716_235940,_internal,best_sac_model.pth#c0364fb07e,hybrid,50.0,0.15,0.03,96,0.2018,0.202,17717.41,17301.79,0.2078,0.2079,130.0617,117.0963,0.00213,1.1e-05,2.06,1,5,0.206,0.005164,1,1,measured,0,10.64,12.0,1.98,0.0,2129.87,-547.03,5.8,-94.3,0.914,12.895,90,1.0,-0.00056287,60.0,562.9,60.0,1,1,-0.002119,0.0,0,0,0,0,0,0,0,0,1,0.0051,0.0033599999999999,0,0,0,0,0,0,0,0,0,0,0.0,0,0.0,0.0,0,0,,0,2026-07-17 16:15:00,"natural_charge_window:soc=0.741,i=119.0mA,v=7.83V",0,0,0,0.0,100.0,0,soh_models,,,,,2000.0,0,1,0,0.0,47,96,-0.00056287,2129.87,165.17
2026-07-18 01:45:00,104,20260716_235940,_internal,best_sac_model.pth#c0364fb07e,hybrid,50.0,0.15,0.03,96,0.1999,0.1993,17717.41,17304.6,0.2057,0.2062,130.0617,117.1124,0.002144,1.1e-05,2.06,1,5,0.206,0.005131,1,1,measured,0,10.88,11.0,1.15,0.0,2143.63,-72.05,5.346,-12.7,0.912,12.9,90,1.0,-0.00057087,60.0,570.9,60.0,1,1,-0.002133,0.0,0,0,0,0,0,0,0,0,1,0.0051,0.0033599999999999,0,0,0,0,0,0,0,0,0,0,0.0,0,0.0,0.0,0,0,,0,2026-07-17 16:15:00,"natural_charge_window:soc=0.741,i=119.0mA,v=7.83V",0,0,0,0.0,100.0,0,soh_models,,,,,2000.0,0,1,0,0.0,47,96,-0.00057087,2143.63,166.17
2026-07-18 02:00:00,105,20260716_235940,_internal,best_sac_model.pth#c0364fb07e,hybrid,50.0,0.15,0.03,96,0.2002,0.1997,17717.41,17304.6,0.2061,0.2065,130.0617,117.1124,0.002128,1.1e-05,2.06,2,5,0.206,0.005169,1,1,measured,0,10.88,11.0,1.15,0.0,2127.6,0.0,5.287,0.0,0.927,12.897,90,1.0,-0.00054024,60.0,540.2,60.0,1,1,-0.002117,0.0,0,0,0,0,0,0,0,0,1,0.0051,0.0033599999999999,0,0,0,0,0,0,0,0,0,0,0.0,0,0.0,0.0,0,0,,0,2026-07-17 16:15:00,"natural_charge_window:soc=0.741,i=119.0mA,v=7.83V",0,0,0,0.0,100.0,0,soh_models,,,,,2000.0,0,1,0,0.0,47,96,-0.00054024,2127.6,164.97
2026-07-18 02:15:00,106,20260716_235940,_internal,best_sac_model.pth#c0364fb07e,hybrid,50.0,0.15,0.03,96,0.1995,0.1997,17717.41,17304.6,0.2055,0.206,130.0617,117.1124,0.002151,1.1e-05,2.06,2,5,0.206,0.005114,1,1,measured,0,10.88,11.0,1.15,0.0,2151.04,0.0,5.282,0.0,0.931,12.901,90,1.0,-0.0005473,60.0,547.3,60.0,1,1,-0.00214,0.0,0,0,0,0,0,0,0,0,1,0.0051,0.0033599999999999,0,0,0,0,0,0,0,0,0,0,0.0,0,0.0,0.0,0,0,,0,2026-07-17 16:15:00,"natural_charge_window:soc=0.741,i=119.0mA,v=7.83V",0,0,0,0.0,100.0,0,soh_models,,,,,2000.0,0,1,0,0.0,47,96,-0.0005473,2151.04,166.74
2026-07-18 02:30:00,107,20260716_235940,_internal,best_sac_model.pth#c0364fb07e,hybrid,50.0,0.15,0.03,96,0.2005,0.2005,17717.41,17304.6,0.2055,0.2058,130.0617,117.1124,0.002138,1.1e-05,2.06,2,5,0.206,0.005145,1,1,measured,0,10.88,11.0,1.15,0.0,2137.95,0.0,5.296,0.0,0.937,12.897,90,1.0,-0.00054313,60.0,543.1,60.0,1,1,-0.002127,0.0,0,0,0,0,0,0,0,0,1,0.0051,0.0033599999999999,0,0,0,0,0,0,0,0,0,0,0.0,0,0.0,0.0,0,0,,0,2026-07-17 16:15:00,"natural_charge_window:soc=0.741,i=119.0mA,v=7.83V",0,0,0,0.0,100.0,0,soh_models,,,,,2000.0,0,1,0,0.0,47,96,-0.00054313,2137.95,165.77
2026-07-18 02:45:00,108,20260716_235940,_internal,best_sac_model.pth#c0364fb07e,hybrid,50.0,0.15,0.03,96,0.1995,0.2006,17717.41,17304.6,0.2053,0.2051,130.0617,117.1124,0.002125,1.1e-05,2.06,2,5,0.206,0.005176,1,1,measured,0,11.0,11.0,0.0,0.0,2125.14,0.0,5.297,0.0,0.941,12.901,91,1.0,-0.00056578,60.0,565.8,60.0,1,1,-0.002114,0.0,0,0,0,0,0,0,0,0,1,0.0051,0.0033599999999999,0,0,0,0,0,0,0,0,0,0,0.0,0,0.0,0.0,0,0,,0,2026-07-17 16:15:00,"natural_charge_window:soc=0.741,i=119.0mA,v=7.83V",0,0,0,0.0,100.0,0,soh_models,,,,,2000.0,0,1,0,0.0,47,96,-0.00056578,2125.14,164.73
2026-07-18 03:00:00,109,20260716_235940,_internal,best_sac_model.pth#c0364fb07e,hybrid,50.0,0.15,0.03,96,0.1998,0.1999,17717.41,17304.6,0.2062,0.2054,130.0617,117.1124,0.002121,1.1e-05,2.06,3,5,0.206,0.005186,1,1,measured,0,11.0,11.0,0.0,0.0,2120.68,0.0,5.292,0.0,0.938,12.898,87,1.0,-0.00058772,60.0,587.7,60.0,1,1,-0.00211,0.0,0,0,0,0,0,0,0,0,1,0.0051,0.0033599999999999,0,0,0,0,0,0,0,0,0,0,0.0,0,0.0,0.0,0,0,,0,2026-07-17 16:15:00,"natural_charge_window:soc=0.741,i=119.0mA,v=7.83V",0,0,0,0.0,100.0,0,soh_models,,,,,2000.0,0,1,0,0.0,47,96,-0.00058772,2120.68,164.42
2026-07-18 03:15:00,110,20260716_235940,_internal,best_sac_model.pth#c0364fb07e,hybrid,50.0,0.15,0.03,96,0.1999,0.2,17717.41,17304.6,0.2058,0.2056,130.0617,117.1124,0.002111,1.1e-05,2.06,3,5,0.206,0.005211,1,1,measured,0,10.88,11.0,1.15,0.0,2111.4,0.0,5.293,0.0,0.924,12.907,91,1.0,-0.00044451,60.0,444.5,60.0,1,1,-0.0021,0.0,0,0,0,0,0,0,0,0,1,0.0051,0.0033599999999999,0,0,0,0,0,0,0,0,0,0,0.0,0,0.0,0.0,0,0,,0,2026-07-17 16:15:00,"natural_charge_window:soc=0.741,i=119.0mA,v=7.83V",0,0,0,0.0,100.0,0,soh_models,,,,,2000.0,0,1,0,0.0,47,96,-0.00044451,2111.4,163.58
2026-07-18 03:30:00,111,20260716_235940,_internal,best_sac_model.pth#c0364fb07e,hybrid,50.0,0.15,0.03,96,0.2006,0.2005,17717.41,17304.6,0.2061,0.2055,130.0617,117.1124,0.002138,1.1e-05,2.06,3,5,0.206,0.005145,1,1,measured,0,11.01,12.0,0.11,0.0,2138.23,0.0,3.308,0.0,0.937,12.895,89,1.0,-0.0,0.0,0.0,0.0,3,1,-0.002127,635.0,0,1,0,0,0,0,0,0,0,0.0085,0.0056,0,0,0,0,0,0,0,0,0,0,0.0,0,0.0,0.0,0,0,,0,2026-07-17 16:15:00,"natural_charge_window:soc=0.741,i=119.0mA,v=7.83V",0,0,0,1.06,81.0,0,soh_models,,,,,2000.0,0,1,1,635.0,48,96,-0.000635,2138.23,165.81
2026-07-18 03:45:00,112,20260716_235940,_internal,best_sac_model.pth#c0364fb07e,hybrid,50.0,0.15,0.03,96,0.2013,0.2008,17717.41,17304.6,0.2058,0.2055,130.0617,117.1124,0.002148,1.1e-05,2.06,3,5,0.206,0.005121,1,1,measured,0,10.88,11.0,1.15,0.0,2147.71,0.0,3.196,0.0,0.933,12.897,91,1.0,-0.0,0.0,0.0,0.0,3,1,-0.002137,551.1,0,1,0,0,0,0,0,0,0,0.0085,0.0056,0,0,0,0,0,0,0,0,0,0,0.0,0,0.0,0.0,0,0,,0,2026-07-17 16:15:00,"natural_charge_window:soc=0.741,i=119.0mA,v=7.83V",0,0,0,0.99,82.2,0,soh_models,,,,,2000.0,0,1,1,551.1,49,96,-0.0005511,2147.71,166.53
2026-07-18 04:00:00,113,20260716_235940,_internal,best_sac_model.pth#c0364fb07e,hybrid,50.0,0.15,0.03,96,0.2,0.2005,17717.41,17304.6,0.2056,0.2057,130.0617,117.1124,0.002141,1.1e-05,2.06,4,5,0.206,0.005138,1,1,measured,0,10.88,11.0,1.15,0.0,2140.85,0.0,3.19,0.0,0.941,12.902,90,1.0,-0.0,0.0,0.0,0.0,3,1,-0.00213,811.45,0,1,0,0,0,0,0,0,0,0.0085,0.0056,0,0,0,0,0,0,0,0,0,0,0.0,0,0.0,0.0,0,0,,0,2026-07-17 16:15:00,"natural_charge_window:soc=0.741,i=119.0mA,v=7.83V",0,0,0,1.11,80.0,0,soh_models,,,,,2000.0,0,1,1,811.45,50,96,-0.00081145,2140.85,165.93
2026-07-18 04:15:00,114,20260716_235940,_internal,best_sac_model.pth#c0364fb07e,hybrid,50.0,0.15,0.03,96,0.1996,0.1989,17717.41,17304.6,0.2057,0.2054,130.0617,117.1124,0.002152,1.1e-05,2.06,4,5,0.206,0.005112,1,1,measured,0,11.0,11.0,0.0,0.0,2152.15,0.0,3.19,0.0,0.942,12.9,88,1.0,-0.0,0.0,0.0,0.0,3,1,-0.002141,722.36,0,1,0,0,0,0,0,0,0,0.0085,0.0056,0,0,0,0,0,0,0,0,0,0,0.0,0,0.0,0.0,0,0,,0,2026-07-17 16:15:00,"natural_charge_window:soc=0.741,i=119.0mA,v=7.83V",0,0,0,1.07,80.8,0,soh_models,,,,,2000.0,0,1,1,722.36,51,96,-0.00072236,2152.15,166.84
2026-07-18 04:30:00,115,20260716_235940,_internal,best_sac_model.pth#c0364fb07e,hybrid,50.0,0.15,0.03,96,0.2005,0.2003,17717.41,17304.6,0.2061,0.2059,130.0617,117.1124,0.002135,1.4e-05,2.06,4,5,0.206,0.006557,1,1,measured,0,13.5,16.0,1.85,0.0,2135.27,0.0,3.19,0.0,1.002,12.901,90,1.0,-0.0,0.0,0.0,0.0,3,1,-0.002121,929.36,0,1,0,0,0,0,0,0,0,0.0085,0.0056,0,0,0,0,0,0,0,0,0,0,0.0,0,0.0,0.0,0,0,,0,2026-07-17 16:15:00,"natural_charge_window:soc=0.741,i=119.0mA,v=7.83V",0,0,0,1.02,81.7,0,soh_models,,,,,2000.0,0,1,1,929.36,52,96,-0.00092936,2135.27,165.52
2026-07-18 04:45:00,116,20260716_235940,_internal,best_sac_model.pth#c0364fb07e,hybrid,50.0,0.15,0.03,96,0.1999,0.2007,17717.41,17304.6,0.2067,0.2056,130.0617,117.1124,0.002131,1.6e-05,2.06,4,5,0.206,0.007508,1,1,measured,0,16.0,16.0,0.0,0.0,2131.19,0.0,3.19,0.0,1.026,12.899,89,1.0,-0.0,0.0,0.0,0.0,3,1,-0.002115,1092.88,0,1,0,0,0,0,0,0,0,0.0085,0.0056,0,0,0,0,0,0,0,0,0,0,0.0,0,0.0,0.0,0,0,,0,2026-07-17 16:15:00,"natural_charge_window:soc=0.741,i=119.0mA,v=7.83V",0,0,0,1.06,81.0,0,soh_models,,,,,2000.0,0,1,1,1092.88,53,96,-0.00109288,2131.19,165.23
2026-07-18 05:00:00,117,20260716_235940,_internal,best_sac_model.pth#c0364fb07e,hybrid,50.0,0.15,0.03,96,0.199,0.2,17717.41,17304.6,0.2002,0.1998,130.0617,117.1124,0.002139,1.5e-05,2.06,5,5,0.206,0.007013,1,1,measured,0,14.71,30.0,8.4,0.98,2138.63,0.0,3.202,0.0,3.786,12.896,91,1.0,-0.0,0.0,0.0,0.0,3,1,-0.002124,1166.66,0,1,0,0,0,0,0,0,0,0.0085,0.0056,0,0,0,0,0,0,0,0,0,0,0.0,0,0.0,0.0,0,0,,0,2026-07-17 16:15:00,"natural_charge_window:soc=0.741,i=119.0mA,v=7.83V",0,0,0,0.99,82.2,0,soh_models,,,,,2000.0,0,1,1,1166.66,54,96,-0.00116666,2137.65,165.77
2026-07-18 05:15:00,118,20260716_235940,_internal,best_sac_model.pth#c0364fb07e,hybrid,50.0,0.15,0.03,96,0.2,0.2005,17717.41,17304.6,0.1998,0.2007,130.0617,117.1124,0.002145,0.000104,2.06,5,5,0.206,0.048485,1,1,measured,0,103.61,178.0,39.8,84.55,2144.87,0.0,3.191,0.0,7.08,12.903,89,1.0,-0.0,0.0,0.0,0.0,3,1,-0.002041,915.81,0,1,0,0,0,0,0,0,0,0.0085,0.0056,0,0,0,0,0,0,0,0,0,0,0.0,0,0.0,0.0,0,0,,0,2026-07-17 16:15:00,"natural_charge_window:soc=0.741,i=119.0mA,v=7.83V",0,0,0,1.01,81.7,0,soh_models,,,,,2000.0,0,1,1,915.81,55,96,-0.00091581,2060.31,159.68
2026-07-18 05:30:00,119,20260716_235940,_internal,best_sac_model.pth#c0364fb07e,hybrid,50.0,0.15,0.03,96,0.1997,0.1998,17717.41,17304.6,0.2001,0.1996,130.0617,117.1124,0.002173,0.000308,2.06,5,5,0.206,0.14174,1,1,measured,0,307.92,423.0,78.25,271.79,2172.52,0.0,3.199,0.0,12.421,12.893,90,1.0,-0.0,0.0,0.0,0.0,3,1,-0.001865,1187.21,0,1,0,0,0,0,0,0,0,0.0085,0.0056,0,0,0,0,0,0,0,0,0,0,0.0,0,0.0,0.0,0,0,,0,2026-07-17 16:15:00,"natural_charge_window:soc=0.741,i=119.0mA,v=7.83V",0,0,0,0.98,82.3,0,soh_models,,,,,2000.0,0,1,1,1187.21,56,96,-0.00118721,1900.73,147.42
2026-07-18 05:45:00,120,20260716_235940,_internal,best_sac_model.pth#c0364fb07e,hybrid,50.0,0.15,0.03,96,0.2001,0.2004,17717.41,17304.6,0.1999,0.2005,130.0617,117.1124,0.002136,0.000512,2.06,5,5,0.206,0.2397,1,1,measured,0,512.11,602.0,75.2,471.94,2135.64,0.0,3.19,0.0,12.599,12.895,90,1.0,-0.0,0.0,0.0,0.0,3,1,-0.001624,903.51,0,1,0,0,0,0,0,0,0,0.0085,0.0056,0,0,0,0,0,0,0,0,0,0,0.0,0,0.0,0.0,0,0,,0,2026-07-17 16:15:00,"natural_charge_window:soc=0.741,i=119.0mA,v=7.83V",0,0,0,1.03,81.5,0,soh_models,,,,,2000.0,0,1,1,903.51,57,96,-0.00090351,1663.69,129.02
2026-07-18 06:00:00,121,20260716_235940,_internal,best_sac_model.pth#c0364fb07e,hybrid,50.0,0.15,0.03,96,0.2002,0.1995,17717.41,17304.6,0.2005,0.1997,130.0617,117.1124,0.004267,0.000657,2.06,6,5,0.206,0.153972,1,1,measured,0,656.75,721.0,78.02,599.17,4266.6,0.0,3.201,0.0,12.315,12.902,89,1.0,-0.0,0.0,0.0,0.0,3,2,-0.00361,1498.6,0,1,0,0,0,0,0,0,0,0.0085,0.0056,0,0,0,0,0,0,0,0,0,0,0.0,0,0.0,0.0,0,0,,0,2026-07-17 16:15:00,"natural_charge_window:soc=0.741,i=119.0mA,v=7.83V",0,0,0,0.99,82.2,0,soh_models,,,,,2000.0,0,1,1,1498.6,58,96,-0.0014986,3667.44,284.24
2026-07-18 06:15:00,122,20260716_235940,_internal,best_sac_model.pth#c0364fb07e,hybrid,50.0,0.15,0.03,96,0.1989,0.1992,17717.41,17304.6,0.1989,0.1999,130.0617,117.1124,0.004288,0.000777,2.06,6,5,0.206,0.181203,1,1,measured,0,777.12,822.0,29.59,732.02,4288.3,0.0,3.19,0.0,12.757,12.899,91,1.0,-0.0,0.0,0.0,0.0,3,2,-0.003511,1779.7,0,1,0,0,0,0,0,0,0,0.0085,0.0056,0,0,0,0,0,0,0,0,0,0,0.0,0,0.0,0.0,0,0,,0,2026-07-17 16:15:00,"natural_charge_window:soc=0.741,i=119.0mA,v=7.83V",0,0,0,1.02,81.6,0,soh_models,,,,,2000.0,0,1,1,1779.7,59,96,-0.0017797,3556.28,275.71
2026-07-18 06:30:00,123,20260716_235940,_internal,best_sac_model.pth#c0364fb07e,hybrid,50.0,0.15,0.03,96,0.1989,0.1992,17717.41,17304.6,0.2,0.2002,130.0617,117.1124,0.004374,0.000909,2.06,6,5,0.206,0.207819,1,1,measured,0,908.69,1004.0,51.78,860.09,4373.54,0.0,3.196,0.0,12.818,12.897,89,1.0,-0.0,0.0,0.0,0.0,3,2,-0.003465,914.99,0,1,0,0,0,0,0,0,0,0.0085,0.0056,0,0,0,0,0,0,0,0,0,0,0.0,0,0.0,0.0,0,0,,0,2026-07-17 16:15:00,"natural_charge_window:soc=0.741,i=119.0mA,v=7.83V",0,0,0,1.01,81.8,0,soh_models,,,,,2000.0,0,1,1,914.99,60,96,-0.00091499,3513.45,272.42
2026-07-18 06:45:00,124,20260716_235940,_internal,best_sac_model.pth#c0364fb07e,hybrid,50.0,0.15,0.03,96,0.1994,0.2002,17717.41,17304.6,0.1999,0.1997,130.0617,117.1124,0.004236,0.001053,2.06,6,5,0.206,0.248584,1,1,measured,0,1052.89,1084.0,113.27,1001.89,4236.23,0.0,3.192,0.0,12.677,12.9,90,1.0,-0.0,0.0,0.0,0.0,3,2,-0.003183,541.53,0,1,0,0,0,0,0,0,0,0.0085,0.0056,0,0,0,0,0,0,0,0,0,0,0.0,0,0.0,0.0,0,0,,0,2026-07-17 16:15:00,"natural_charge_window:soc=0.741,i=119.0mA,v=7.83V",0,0,0,1.01,81.8,0,soh_models,,,,,2000.0,0,1,1,541.53,61,96,-0.00054153,3234.34,250.73
2026-07-18 07:00:00,125,20260716_235940,_internal,best_sac_model.pth#c0364fb07e,hybrid,50.0,0.15,0.03,96,0.2001,0.1997,17717.41,17304.6,0.1997,0.2007,130.0617,117.1124,0.0043,0.001088,2.06,7,5,0.206,0.253023,1,1,measured,0,1087.6,1093.0,3.0,1025.13,4300.18,0.0,3.19,0.0,12.67,12.901,90,1.0,-0.0,0.0,0.0,0.0,3,2,-0.003212,653.53,0,1,0,0,0,0,0,0,0,0.0085,0.0056,0,0,0,0,0,0,0,0,0,0,0.0,0,0.0,0.0,0,0,,0,2026-07-17 16:15:00,"natural_charge_window:soc=0.741,i=119.0mA,v=7.83V",0,0,0,1.04,81.3,0,soh_models,,,,,2000.0,0,1,1,653.53,62,96,-0.00065353,3275.05,253.85
2026-07-18 07:15:00,126,20260716_235940,_internal,best_sac_model.pth#c0364fb07e,hybrid,50.0,0.15,0.03,96,0.1988,0.1999,17717.41,17304.6,0.2003,0.2002,130.0617,117.1124,0.00424,0.001061,2.06,7,5,0.206,0.250236,1,1,measured,0,1061.29,1092.0,112.89,1010.2,4240.06,0.0,3.19,0.0,12.673,12.905,90,1.0,-0.0,0.0,0.0,0.0,3,2,-0.003179,1733.9,0,1,0,0,0,0,0,0,0,0.0085,0.0056,0,0,0,0,0,0,0,0,0,0,0.0,0,0.0,0.0,0,0,,0,2026-07-17 16:15:00,"natural_charge_window:soc=0.741,i=119.0mA,v=7.83V",0,0,0,1.02,81.7,0,soh_models,,,,,2000.0,0,1,1,1733.9,63,96,-0.0017339,3229.86,250.28
2026-07-18 07:30:00,127,20260716_235940,_internal,best_sac_model.pth#c0364fb07e,hybrid,50.0,0.15,0.03,96,0.1996,0.1994,17717.41,17304.6,0.2,0.1997,130.0617,117.1124,0.004377,0.001154,2.06,7,5,0.206,0.263651,1,1,measured,0,1154.41,1240.0,51.14,1090.4,4376.86,0.0,3.19,0.0,12.685,12.897,90,1.0,-0.0,0.0,0.0,0.0,3,2,-0.003223,1495.89,0,1,0,0,0,0,0,0,0,0.0085,0.0056,0,0,0,0,0,0,0,0,0,0,0.0,0,0.0,0.0,0,0,,0,2026-07-17 16:15:00,"natural_charge_window:soc=0.741,i=119.0mA,v=7.83V",0,0,0,1.03,81.5,0,soh_models,,,,,2000.0,0,1,1,1495.89,64,96,-0.00149589,3286.46,254.84
2026-07-18 07:45:00,128,20260716_235940,_internal,best_sac_model.pth#c0364fb07e,hybrid,50.0,0.15,0.03,96,0.1995,0.2002,17717.41,17304.6,0.1998,0.1996,130.0617,117.1124,0.00428,0.001208,2.06,7,5,0.206,0.282243,1,1,measured,0,1207.82,1271.0,182.73,1154.2,4280.23,0.0,3.199,0.0,12.534,12.898,90,1.0,-0.0,0.0,0.0,0.0,3,2,-0.003072,1199.88,0,1,0,0,0,0,0,0,0,0.0085,0.0056,0,0,0,0,0,0,0,0,0,0,0.0,0,0.0,0.0,0,0,,0,2026-07-17 16:15:00,"natural_charge_window:soc=0.741,i=119.0mA,v=7.83V",0,0,0,1.0,82.0,0,soh_models,,,,,2000.0,0,1,1,1199.88,65,96,-0.00119988,3126.03,242.36
2026-07-18 08:00:00,129,20260716_235940,_internal,best_sac_model.pth#c0364fb07e,hybrid,50.0,0.15,0.03,96,0.1999,0.2001,17717.41,17304.6,0.1998,0.1996,130.0617,117.1124,0.006424,0.001288,2.06,8,5,0.206,0.200498,1,1,measured,0,1288.13,1381.0,244.52,1231.31,6424.29,0.0,3.19,0.0,12.396,12.901,89,1.0,-0.0,0.0,0.0,0.0,3,3,-0.005136,1254.87,0,1,0,0,0,0,0,0,0,0.0085,0.0056,0,0,0,0,0,0,0,0,0,0,0.0,0,0.0,0.0,0,0,,0,2026-07-17 16:15:00,"natural_charge_window:soc=0.741,i=119.0mA,v=7.83V",0,0,0,1.05,81.1,0,soh_models,,,,,2000.0,0,1,1,1254.87,66,96,-0.00125487,5192.97,402.5
2026-07-18 08:15:00,130,20260716_235940,_internal,best_sac_model.pth#c0364fb07e,hybrid,50.0,0.15,0.03,96,0.2008,0.2004,17717.41,17304.6,0.1992,0.1996,130.0617,117.1124,0.006466,0.001376,2.06,8,5,0.206,0.212805,1,1,measured,0,1375.93,1402.0,8.56,1315.84,6465.54,0.0,3.19,0.0,12.833,12.899,91,1.0,-0.0,0.0,0.0,0.0,3,3,-0.00509,1028.51,0,1,0,0,0,0,0,0,0,0.0085,0.0056,0,0,0,0,0,0,0,0,0,0,0.0,0,0.0,0.0,0,0,,0,2026-07-17 16:15:00,"natural_charge_window:soc=0.741,i=119.0mA,v=7.83V",0,0,0,1.05,81.2,0,soh_models,,,,,2000.0,0,1,1,1028.51,67,96,-0.00102851,5149.71,399.24
2026-07-18 08:30:00,131,20260716_235940,_internal,best_sac_model.pth#c0364fb07e,hybrid,50.0,0.15,0.03,96,0.2004,0.2001,17717.41,17304.6,0.1999,0.2001,130.0617,117.1124,0.006505,0.001396,2.06,8,5,0.206,0.214604,1,1,measured,0,1396.43,1520.0,152.46,1336.79,6505.29,0.0,3.196,0.0,12.695,12.904,91,1.0,-0.0,0.0,0.0,0.0,3,3,-0.005109,924.62,0,1,0,0,0,0,0,0,0,0.0085,0.0056,0,0,0,0,0,0,0,0,0,0,0.0,0,0.0,0.0,0,0,,0,2026-07-17 16:15:00,"natural_charge_window:soc=0.741,i=119.0mA,v=7.83V",0,0,0,0.98,82.4,0,soh_models,,,,,2000.0,0,1,1,924.62,68,96,-0.00092462,5168.5,400.55
2026-07-18 08:45:00,132,20260716_235940,_internal,best_sac_model.pth#c0364fb07e,hybrid,50.0,0.15,0.03,96,0.1998,0.2001,17717.41,17304.6,0.2002,0.2002,130.0617,117.1124,0.0065,0.001602,2.06,8,5,0.206,0.246462,1,1,measured,0,1602.3,1644.0,24.34,1536.24,6499.89,0.0,3.19,0.0,12.857,12.898,90,1.0,-0.0,0.0,0.0,0.0,3,3,-0.004898,731.69,0,1,0,0,0,0,0,0,0,0.0085,0.0056,0,0,0,0,0,0,0,0,0,0,0.0,0,0.0,0.0,0,0,,0,2026-07-17 16:15:00,"natural_charge_window:soc=0.741,i=119.0mA,v=7.83V",0,0,0,1.07,80.8,0,soh_models,,,,,2000.0,0,1,1,731.69,69,96,-0.00073169,4963.64,384.84
2026-07-18 09:00:00,133,20260716_235940,_internal,best_sac_model.pth#c0364fb07e,hybrid,50.0,0.15,0.03,96,0.2007,0.2007,17717.41,17304.6,0.1997,0.1995,130.0617,117.1124,0.006432,0.001627,2.06,9,5,0.206,0.252954,1,1,measured,0,1627.41,1681.0,172.84,1561.09,6431.61,0.0,3.19,0.0,12.713,12.898,90,1.0,-0.0,0.0,0.0,0.0,3,3,-0.004805,828.92,0,1,0,0,0,0,0,0,0,0.0085,0.0056,0,0,0,0,0,0,0,0,0,0,0.0,0,0.0,0.0,0,0,,0,2026-07-17 16:15:00,"natural_charge_window:soc=0.741,i=119.0mA,v=7.83V",0,0,0,1.04,81.2,0,soh_models,,,,,2000.0,0,1,1,828.92,70,96,-0.00082892,4870.52,377.63
2026-07-18 09:15:00,134,20260716_235940,_internal,best_sac_model.pth#c0364fb07e,hybrid,50.0,0.15,0.03,96,0.2004,0.2005,17717.41,17304.6,0.1996,0.1995,130.0617,117.1124,0.006519,0.001746,2.06,9,5,0.206,0.267832,1,1,measured,0,1746.27,1910.0,201.78,1677.11,6519.33,0.0,3.195,0.0,12.726,12.892,90,1.0,-0.0,0.0,0.0,0.0,3,3,-0.004773,1183.78,0,1,0,0,0,0,0,0,0,0.0085,0.0056,0,0,0,0,0,0,0,0,0,0,0.0,0,0.0,0.0,0,0,,0,2026-07-17 16:15:00,"natural_charge_window:soc=0.741,i=119.0mA,v=7.83V",0,0,0,0.98,82.4,0,soh_models,,,,,2000.0,0,1,1,1183.78,71,96,-0.00118378,4842.21,375.6
2026-07-18 09:30:00,135,20260716_235940,_internal,best_sac_model.pth#c0364fb07e,hybrid,50.0,0.15,0.03,96,0.1998,0.2005,17717.41,17304.6,0.201,0.2002,130.0617,117.1124,0.006409,0.002011,2.06,9,5,0.206,0.313778,1,1,measured,0,2010.68,2795.0,293.27,1931.13,6409.19,0.0,3.195,0.0,12.757,12.905,90,1.0,-0.0,0.0,0.0,0.0,3,3,-0.004398,631.94,0,1,0,0,0,0,0,0,0,0.0085,0.0056,0,0,0,0,0,0,0,0,0,0,0.0,0,0.0,0.0,0,0,,0,2026-07-17 16:15:00,"natural_charge_window:soc=0.741,i=119.0mA,v=7.83V",0,0,0,0.98,82.4,0,soh_models,,,,,2000.0,0,1,1,631.94,72,96,-0.00063194,4478.06,346.99
2026-07-18 09:45:00,136,20260716_235940,_internal,best_sac_model.pth#c0364fb07e,hybrid,50.0,0.15,0.03,96,0.1993,0.1988,17717.41,17304.6,0.2004,0.1998,130.0617,117.1124,0.006507,0.003346,2.06,9,5,0.206,0.514215,1,1,measured,0,3346.27,3783.0,476.87,3211.03,6506.51,0.0,3.19,0.0,12.885,12.9,89,1.0,-0.0,0.0,0.0,0.0,3,3,-0.003161,681.27,0,1,0,0,0,0,0,0,0,0.0085,0.0056,0,0,0,0,0,0,0,0,0,0,0.0,0,0.0,0.0,0,0,,0,2026-07-17 16:15:00,"natural_charge_window:soc=0.741,i=119.0mA,v=7.83V",0,0,0,1.05,81.0,0,soh_models,,,,,2000.0,0,1,1,681.27,73,96,-0.00068127,3295.48,255.47
2026-07-18 10:00:00,137,20260716_235940,_internal,best_sac_model.pth#c0364fb07e,hybrid,50.0,0.15,0.03,96,0.2008,0.2,17717.41,17304.6,0.1993,0.2002,130.0617,117.1124,0.006491,0.002791,2.06,10,5,0.206,0.42998,1,1,measured,0,2790.67,3595.0,574.03,2679.6,6491.03,0.0,3.19,0.0,12.563,12.902,90,1.0,-0.0,0.0,0.0,0.0,3,3,-0.0037,519.92,0,1,0,0,0,0,0,0,0,0.0085,0.0056,0,0,0,0,0,0,0,0,0,0,0.0,0,0.0,0.0,0,0,,0,2026-07-17 16:15:00,"natural_charge_window:soc=0.741,i=119.0mA,v=7.83V",0,0,0,1.05,81.1,0,soh_models,,,,,2000.0,0,1,1,519.92,74,96,-0.00051992,3811.43,295.42
2026-07-18 10:15:00,138,20260716_235940,_internal,best_sac_model.pth#c0364fb07e,hybrid,50.0,0.15,0.03,96,0.2,0.2001,17717.41,17304.6,0.2002,0.1999,130.0617,117.1124,0.006545,0.003042,2.06,10,5,0.206,0.464782,1,1,measured,0,3042.13,3865.0,550.41,2918.71,6545.22,0.0,3.19,0.0,12.718,12.9,91,1.0,-0.0,0.0,0.0,0.0,3,3,-0.003503,1778.94,0,1,0,0,0,0,0,0,0,0.0085,0.0056,0,0,0,0,0,0,0,0,0,0,0.0,0,0.0,0.0,0,0,,0,2026-07-17 16:15:00,"natural_charge_window:soc=0.741,i=119.0mA,v=7.83V",0,0,0,1.03,81.4,0,soh_models,,,,,2000.0,0,1,1,1778.94,75,96,-0.00177894,3626.51,281.16
2026-07-18 10:30:00,139,20260716_235940,_internal,best_sac_model.pth#c0364fb07e,hybrid,50.0,0.15,0.03,96,0.1996,0.2,17717.41,17304.6,0.2001,0.1997,130.0617,117.1124,0.006788,0.007008,2.06,10,5,0.206,1.03241,1,1,measured,0,7007.52,10725.0,2383.36,6578.31,6787.74,0.0,3.19,0.0,13.411,12.766,90,1.0,-0.0,0.0,0.0,0.0,3,3,0.00022,1321.87,0,1,0,0,0,0,0,0,0,0.0085,0.0056,0,0,0,0,0,0,0,0,0,0,0.0,0,0.0,0.0,0,0,,0,2026-07-17 16:15:00,"natural_charge_window:soc=0.741,i=119.0mA,v=7.83V",0,0,0,1.05,81.1,0,soh_models,,,,,2000.0,0,1,1,1321.87,76,96,-0.00132187,1654.95,128.35
2026-07-18 10:45:00,140,20260716_235940,_internal,best_sac_model.pth#c0364fb07e,hybrid,50.0,0.15,0.03,96,0.1998,0.1997,17717.41,17304.6,0.201,0.2001,130.0617,117.1124,0.006822,0.01036,2.06,10,5,0.206,1.518616,1,1,measured,0,10360.29,10939.0,1308.77,9515.94,6821.97,0.0,3.193,0.0,13.803,12.9,90,1.0,-0.0,0.0,0.0,0.0,3,3,0.003538,1778.46,0,1,0,0,0,0,0,0,0,0.0085,0.0056,0,0,0,0,0,0,0,0,0,0,0.0,0,0.0,0.0,0,0,,0,2026-07-17 16:15:00,"natural_charge_window:soc=0.741,i=119.0mA,v=7.83V",0,0,0,1.01,81.8,0,soh_models,,,,,2000.0,0,1,1,1778.46,77,96,-0.00177846,1134.9,87.98
2026-07-18 11:00:00,141,20260716_235940,_internal,best_sac_model.pth#c0364fb07e,hybrid,50.0,0.15,0.03,96,0.2551,0.2552,17811.41,17304.6,0.2561,0.2561,130.7336,117.1124,0.007032,0.010666,2.06,11,5,0.206,1.51678,1,1,measured,0,10666.06,10983.0,172.89,9741.31,7032.21,2677.09,7.154,374.1,13.991,12.901,89,1.0,0.002688,60.0,2688.0,60.0,3,3,0.003634,0.0,0,0,0,0,0,0,0,0,1,0.0051,0.0033599999999999,0,0,0,0,0,0,0,0,0,0,0.0,0,0.0,0.0,0,0,,1,2026-07-18 11:00:00,"natural_charge_window:soc=0.255,i=374.1mA,v=7.15V",0,0,0,0.0,100.0,0,soh_models,,,,,2000.0,0,1,0,0.0,77,96,0.002688,1243.33,96.38
2026-07-18 11:15:00,142,20260716_235940,_internal,best_sac_model.pth#c0364fb07e,hybrid,50.0,0.15,0.03,96,0.3086,0.3074,17898.1,17304.6,0.3088,0.3084,131.3631,117.1124,0.006959,0.012111,2.06,11,5,0.206,1.740336,1,1,measured,0,12110.72,13170.0,1973.7,11005.57,6959.09,2557.64,7.274,351.6,13.25,12.902,89,1.0,0.00252,60.0,2520.0,60.0,3,3,0.005152,0.0,0,0,0,0,0,0,0,0,1,0.0051,0.0033599999999999,0,0,0,0,0,0,0,0,0,0,0.0,0,0.0,0.0,0,0,,1,2026-07-18 11:15:00,"natural_charge_window:soc=0.309,i=351.6mA,v=7.27V",0,0,0,0.0,100.0,0,soh_models,,,,,2000.0,0,1,0,0.0,77,96,0.00252,1267.88,98.28
2026-07-18 11:30:00,143,20260716_235940,_internal,best_sac_model.pth#c0364fb07e,hybrid,50.0,0.15,0.03,96,0.357,0.3571,17978.7,17304.6,0.3568,0.3569,131.9532,117.1124,0.007014,0.012032,2.06,11,5,0.206,1.715426,1,1,measured,0,12032.33,13756.0,1957.9,10868.65,7014.3,2323.79,7.289,318.8,13.077,12.903,89,1.0,0.00235565,60.0,2355.7,60.0,3,3,0.005018,0.0,0,0,0,0,0,0,0,0,1,0.0051,0.0033599999999999,0,0,0,0,0,0,0,0,0,0,0.0,0,0.0,0.0,0,0,,1,2026-07-18 11:30:00,"natural_charge_window:soc=0.357,i=318.8mA,v=7.29V",0,0,0,0.0,100.0,0,soh_models,,,,,2000.0,0,1,0,0.0,77,96,0.00235565,1277.09,98.99
2026-07-18 11:45:00,144,20260716_235940,_internal,best_sac_model.pth#c0364fb07e,hybrid,50.0,0.15,0.03,96,0.4001,0.4006,18050.76,17304.6,0.4018,0.4011,132.4841,117.1124,0.006773,0.010091,2.06,11,5,0.206,1.489886,1,1,measured,0,10090.86,11021.0,518.12,9229.67,6773.11,2121.1,7.341,288.4,13.019,12.9,90,1.0,0.00219504,60.0,2195.0,60.0,3,3,0.003318,0.0,0,0,0,0,0,0,0,0,1,0.0051,0.0033599999999999,0,0,0,0,0,0,0,0,0,0,0.0,0,0.0,0.0,0,0,,1,2026-07-18 11:45:00,"natural_charge_window:soc=0.400,i=288.4mA,v=7.34V",0,0,0,0.0,100.0,0,soh_models,,,,,2000.0,0,1,0,0.0,77,96,0.00219504,1140.54,88.43
2026-07-18 12:00:00,145,20260716_235940,_internal,best_sac_model.pth#c0364fb07e,hybrid,50.0,0.15,0.03,96,0.4427,0.4426,18119.44,17304.6,0.4438,0.4437,132.994,117.1124,0.006825,0.00933,2.06,12,5,0.206,1.367033,1,1,measured,0,9330.22,14033.0,1710.94,8592.47,6824.92,2021.02,7.403,273.0,12.929,12.906,90,1.0,0.00203825,60.0,2038.3,60.0,3,3,0.002505,0.0,0,0,0,0,0,0,0,0,1,0.0051,0.0033599999999999,0,0,0,0,0,0,0,0,0,0,0.0,0,0.0,0.0,0,0,,1,2026-07-18 12:00:00,"natural_charge_window:soc=0.443,i=273.0mA,v=7.40V",0,0,0,0.0,100.0,0,soh_models,,,,,2000.0,0,1,0,0.0,77,96,0.00203825,1683.82,130.47
2026-07-18 12:15:00,146,20260716_235940,_internal,best_sac_model.pth#c0364fb07e,hybrid,50.0,0.15,0.03,96,0.4834,0.4828,18182.7,17304.6,0.4829,0.4829,133.4672,117.1124,0.006771,0.009083,2.06,12,5,0.206,1.341456,1,1,measured,0,9082.56,11513.0,1301.9,8382.2,6770.7,1941.56,7.478,259.6,12.915,12.897,90,1.0,0.00188538,60.0,1885.4,60.0,3,3,0.002312,0.0,0,0,0,0,0,0,0,0,1,0.0051,0.0033599999999999,0,0,0,0,0,0,0,0,0,0,0.0,0,0.0,0.0,0,0,,1,2026-07-18 12:15:00,"natural_charge_window:soc=0.483,i=259.6mA,v=7.48V",0,0,0,0.0,100.0,0,soh_models,,,,,2000.0,0,1,0,0.0,77,96,0.00188538,1685.85,130.7
2026-07-18 12:30:00,147,20260716_235940,_internal,best_sac_model.pth#c0364fb07e,hybrid,50.0,0.15,0.03,96,0.5185,0.5181,18240.01,17304.6,0.5188,0.5178,133.8973,117.1124,0.006763,0.011249,2.06,12,5,0.206,1.663315,1,1,measured,0,11248.56,13526.0,1845.92,10222.33,6762.88,1724.25,7.489,230.3,13.061,12.9,90,1.0,0.00173654,60.0,1736.5,60.0,3,3,0.004486,0.0,0,0,0,0,0,0,0,0,1,0.0051,0.0033599999999999,0,0,0,0,0,0,0,0,0,0,0.0,0,0.0,0.0,0,0,,1,2026-07-18 12:30:00,"natural_charge_window:soc=0.518,i=230.3mA,v=7.49V",0,0,0,0.0,100.0,0,soh_models,,,,,2000.0,0,1,0,0.0,77,96,0.00173654,1249.53,96.89
2026-07-18 12:45:00,148,20260716_235940,_internal,best_sac_model.pth#c0364fb07e,hybrid,50.0,0.15,0.03,96,0.5515,0.5516,18292.68,17304.6,0.5521,0.5516,134.2953,117.1124,0.006851,0.010364,2.06,12,5,0.206,1.512772,1,1,measured,0,10363.6,14112.0,846.61,9454.26,6851.31,1595.19,7.555,211.1,13.01,12.901,88,1.0,0.00159182,60.0,1591.8,60.0,3,3,0.003513,0.0,0,0,0,0,0,0,0,0,1,0.0051,0.0033599999999999,0,0,0,0,0,0,0,0,0,0,0.0,0,0.0,0.0,0,0,,1,2026-07-18 12:45:00,"natural_charge_window:soc=0.551,i=211.1mA,v=7.56V",0,0,0,0.0,100.0,0,soh_models,,,,,2000.0,0,1,0,0.0,77,96,0.00159182,1237.06,95.9
2026-07-18 13:00:00,149,20260716_235940,_internal,best_sac_model.pth#c0364fb07e,hybrid,50.0,0.15,0.03,96,0.5816,0.582,18340.67,17304.6,0.5818,0.5812,134.6586,117.1124,0.006937,0.01007,2.06,13,5,0.206,1.451636,1,1,measured,0,10070.49,14540.0,2082.92,8987.69,6936.84,1470.46,7.556,194.6,12.762,12.899,90,1.0,0.00145137,60.0,1451.4,60.0,3,3,0.003133,0.0,0,0,0,0,0,0,0,0,1,0.0051,0.0033599999999999,0,0,0,0,0,0,0,0,0,0,0.0,0,0.0,0.0,0,0,,1,2026-07-18 13:00:00,"natural_charge_window:soc=0.582,i=194.6mA,v=7.56V",0,0,0,0.0,100.0,0,soh_models,,,,,2000.0,0,1,0,0.0,77,96,0.00145137,1336.67,103.62
2026-07-18 13:15:00,150,20260716_235940,_internal,best_sac_model.pth#c0364fb07e,hybrid,50.0,0.15,0.03,96,0.608,0.6083,18382.93,17304.6,0.6084,0.6089,134.9787,117.1124,0.006777,0.010166,2.06,13,5,0.206,1.500074,1,1,measured,0,10165.56,14730.0,2185.27,9276.61,6776.95,1270.88,7.601,167.0,12.955,12.893,90,1.0,0.0013153,60.0,1315.3,60.0,3,3,0.003389,0.0,0,0,0,0,0,0,0,0,1,0.0051,0.0033599999999999,0,0,0,0,0,0,0,0,0,0,0.0,0,0.0,0.0,0,0,,1,2026-07-18 13:15:00,"natural_charge_window:soc=0.608,i=167.0mA,v=7.60V",0,0,0,0.0,100.0,0,soh_models,,,,,2000.0,0,1,0,0.0,77,96,0.0013153,1218.34,94.51
2026-07-18 13:30:00,151,20260716_235940,_internal,best_sac_model.pth#c0364fb07e,hybrid,50.0,0.15,0.03,96,0.633,0.6331,18422.18,17304.6,0.6336,0.6333,135.2768,117.1124,0.006897,0.009525,2.06,13,5,0.206,1.381035,1,1,measured,0,9524.83,14465.0,1757.8,8737.6,6896.55,1196.57,7.555,158.3,13.065,12.896,89,1.0,0.00118377,60.0,1183.8,60.0,3,3,0.002628,0.0,0,0,0,0,0,0,0,0,1,0.0051,0.0033599999999999,0,0,0,0,0,0,0,0,0,0,0.0,0,0.0,0.0,0,0,,1,2026-07-18 13:30:00,"natural_charge_window:soc=0.633,i=158.3mA,v=7.56V",0,0,0,0.0,100.0,0,soh_models,,,,,2000.0,0,1,0,0.0,77,96,0.00118377,1139.97,88.38
2026-07-18 13:45:00,152,20260716_235940,_internal,best_sac_model.pth#c0364fb07e,hybrid,50.0,0.15,0.03,96,0.6552,0.654,18456.74,17304.6,0.6549,0.6552,135.5393,117.1124,0.00694,0.010832,2.06,13,5,0.206,1.560807,1,1,measured,0,10832.2,14096.0,1831.24,9723.79,6940.46,1060.58,7.6,139.6,13.094,12.894,90,1.0,0.00105694,60.0,1056.9,60.0,3,3,0.003892,0.0,0,0,0,0,0,0,0,0,1,0.0051,0.0033599999999999,0,0,0,0,0,0,0,0,0,0,0.0,0,0.0,0.0,0,0,,1,2026-07-18 13:45:00,"natural_charge_window:soc=0.655,i=139.6mA,v=7.60V",0,0,0,0.0,100.0,0,soh_models,,,,,2000.0,0,1,0,0.0,77,96,0.00105694,1202.69,93.29
2026-07-18 14:00:00,153,20260716_235940,_internal,best_sac_model.pth#c0364fb07e,hybrid,50.0,0.15,0.03,96,0.6734,0.6727,18487.53,17304.6,0.6747,0.6747,135.7731,117.1124,0.009037,0.010471,2.06,14,5,0.206,1.158681,1,1,measured,0,10471.32,13200.0,1852.51,9505.75,9037.1,926.71,7.56,122.5,13.571,12.899,91,1.0,0.00093499,60.0,935.0,60.0,3,4,0.001434,0.0,0,0,0,0,0,0,0,0,1,0.0051,0.0033599999999999,0,0,0,0,0,0,0,0,0,0,0.0,0,0.0,0.0,0,0,,1,2026-07-18 14:00:00,"natural_charge_window:soc=0.673,i=122.5mA,v=7.56V",0,0,0,0.0,100.0,0,soh_models,,,,,2000.0,0,1,0,0.0,77,96,0.00093499,1521.1,117.93
2026-07-18 14:15:00,154,20260716_235940,_internal,best_sac_model.pth#c0364fb07e,hybrid,50.0,0.15,0.03,96,0.6905,0.6909,18515.5,17304.6,0.6911,0.6918,135.9863,117.1124,0.009033,0.009332,2.06,14,5,0.206,1.033101,1,1,measured,0,9331.68,10850.0,1241.81,8550.7,9032.74,853.37,7.6,112.2,13.578,12.902,90,1.0,0.00085,60.0,850.0,60.0,3,4,0.000299,0.0,0,0,0,0,0,0,0,0,1,0.0051,0.0033599999999999,0,0,0,0,0,0,0,0,0,0,0.0,0,0.0,0.0,0,0,,1,2026-07-18 14:15:00,"natural_charge_window:soc=0.691,i=112.2mA,v=7.60V",0,0,0,0.0,100.0,0,soh_models,,,,,2000.0,0,1,0,0.0,77,96,0.00085,1400.25,108.56
2026-07-18 14:30:00,155,20260716_235940,_internal,best_sac_model.pth#c0364fb07e,hybrid,50.0,0.15,0.03,96,0.7094,0.7091,18542.93,17304.6,0.7098,0.7102,136.1967,117.1124,0.009037,0.010214,2.06,14,5,0.206,1.130242,1,1,measured,0,10213.6,10848.0,783.88,9099.11,9036.9,834.06,7.664,108.8,13.785,12.635,90,1.0,0.00085,60.0,850.0,60.0,3,4,0.001177,0.0,0,0,0,0,0,0,0,0,1,0.0051,0.0033599999999999,0,0,0,0,0,0,0,0,0,0,0.0,0,0.0,0.0,0,0,,1,2026-07-18 14:30:00,"natural_charge_window:soc=0.709,i=108.8mA,v=7.66V",0,0,0,0.0,100.0,0,soh_models,,,,,2000.0,0,1,0,0.0,77,96,0.00085,974.66,75.55
2026-07-18 14:45:00,156,20260716_235940,_internal,best_sac_model.pth#c0364fb07e,hybrid,50.0,0.15,0.03,96,0.7272,0.7274,18570.19,17304.6,0.7267,0.7265,136.4074,117.1124,0.008895,0.005645,2.06,14,5,0.206,0.634626,1,1,measured,0,5644.51,8658.0,1820.98,5246.92,8894.74,815.74,7.692,106.0,13.169,12.899,88,1.0,0.00085,60.0,850.0,60.0,3,4,-0.00325,0.0,0,0,0,0,0,0,0,0,1,0.0051,0.0033599999999999,0,0,0,0,0,0,0,0,0,0,0.0,0,0.0,0.0,0,0,,1,2026-07-18 14:45:00,"natural_charge_window:soc=0.727,i=106.0mA,v=7.69V",0,0,0,0.0,100.0,0,soh_models,,,,,2000.0,0,1,0,0.0,77,96,0.00085,4463.56,346.0
2026-07-18 15:00:00,157,20260716_235940,_internal,best_sac_model.pth#c0364fb07e,hybrid,50.0,0.15,0.03,96,0.7436,0.7442,18597.54,17304.6,0.7451,0.7446,136.6208,117.1124,0.008783,0.005321,2.06,15,5,0.206,0.605829,1,1,measured,0,5321.02,10286.0,1434.07,4935.62,8782.71,837.01,7.796,107.4,13.138,12.897,90,1.0,0.00085,60.0,850.0,60.0,3,4,-0.003462,0.0,0,0,0,0,0,0,0,0,1,0.0051,0.0033599999999999,0,0,0,0,0,0,0,0,0,0,0.0,0,0.0,0.0,0,0,,1,2026-07-18 15:00:00,"natural_charge_window:soc=0.744,i=107.4mA,v=7.80V",0,0,0,0.0,100.0,0,soh_models,,,,,2000.0,0,1,0,0.0,77,96,0.00085,4715.22,365.66
2026-07-18 15:15:00,158,20260716_235940,_internal,best_sac_model.pth#c0364fb07e,hybrid,50.0,0.15,0.03,96,0.7447,0.7458,18597.54,17304.6,0.7453,0.7445,136.6208,117.1124,0.009023,0.007589,2.06,15,5,0.206,0.841073,1,1,measured,0,7589.38,10896.0,2014.3,7009.84,9023.46,0.0,3.453,0.0,13.41,11.037,89,1.0,-0.0,0.0,0.0,0.0,3,4,-0.001434,1200.0,0,0,1,0,0,0,0,0,0,0.0085,0.0056,0,0,0,0,0,0,0,0,0,0,0.0,0,0.0,0.0,0,0,,0,2026-07-18 15:00:00,"natural_charge_window:soc=0.744,i=107.4mA,v=7.80V",0,0,0,1.09,80.4,0,soh_models,,,,,2000.0,0,1,1,1200.0,78,96,0.0012,2212.38,171.73
2026-07-18 15:30:00,159,20260716_235940,_internal,best_sac_model.pth#c0364fb07e,hybrid,50.0,0.15,0.03,96,0.7445,0.7447,18597.54,17304.6,0.7638,0.7631,136.6208,117.1124,0.009004,0.007702,2.06,15,5,0.206,0.855398,1,1,measured,0,7701.66,10761.0,2512.82,7050.5,9004.48,0.0,3.19,0.0,13.021,11.188,90,1.0,-0.0,0.0,0.0,0.0,3,4,-0.001302,1200.0,0,0,1,0,0,0,0,0,0,0.0085,0.0056,0,0,0,0,0,0,0,0,0,0,0.0,0,0.0,0.0,0,0,,0,2026-07-18 15:00:00,"natural_charge_window:soc=0.744,i=107.4mA,v=7.80V",0,0,0,1.03,81.5,0,soh_models,,,,,2000.0,0,1,1,1200.0,79,96,0.0012,2325.69,180.72
2026-07-18 15:45:00,160,20260716_235940,_internal,best_sac_model.pth#c0364fb07e,hybrid,50.0,0.15,0.03,96,0.7443,0.7439,18597.54,17304.6,0.7632,0.7631,136.6208,117.1124,0.008994,0.009408,2.06,15,5,0.206,1.046031,1,1,measured,0,9407.57,10728.0,1263.77,8626.56,8993.52,0.0,3.19,0.0,13.817,8.425,90,1.0,-0.0,0.0,0.0,0.0,3,4,0.000414,0.0,0,0,0,0,0,0,0,0,0,0.0085,0.0056,0,0,0,0,0,0,0,0,0,0,0.0,0,0.0,0.0,0,0,,0,2026-07-18 15:00:00,"natural_charge_window:soc=0.744,i=107.4mA,v=7.80V",0,0,0,1.06,80.9,0,soh_models,,,,,2000.0,0,1,0,0.0,79,96,-0.0,730.99,56.66
2026-07-18 16:00:00,161,20260716_235940,_internal,best_sac_model.pth#c0364fb07e,hybrid,50.0,0.15,0.03,96,0.7447,0.7449,18597.54,17304.6,0.7624,0.7626,136.6208,117.1124,0.008975,0.008021,2.06,16,5,0.206,0.893705,1,1,measured,0,8021.34,11832.0,2321.6,7407.02,8974.9,0.0,3.201,0.0,13.179,12.631,89,1.0,-0.0,0.0,0.0,0.0,3,4,-0.000954,0.0,0,0,0,0,0,0,0,0,0,0.0085,0.0056,0,0,0,0,0,0,0,0,0,0,0.0,0,0.0,0.0,0,0,,0,2026-07-18 15:00:00,"natural_charge_window:soc=0.744,i=107.4mA,v=7.80V",0,0,0,1.0,82.0,0,soh_models,,,,,2000.0,0,1,0,0.0,79,96,-0.0,2173.8,168.55
2026-07-18 16:15:00,162,20260716_235940,_internal,best_sac_model.pth#c0364fb07e,hybrid,50.0,0.15,0.03,96,0.7555,0.7557,18614.32,17304.6,0.7733,0.7729,136.7489,117.1124,0.008899,0.005858,2.06,16,5,0.206,0.658276,1,1,measured,0,5858.4,6404.0,377.39,5486.3,8899.45,515.29,7.555,67.8,12.915,12.903,90,1.0,0.00052694,60.0,526.9,60.0,3,4,-0.003041,0.0,0,0,0,0,0,0,0,0,1,0.0051,0.0033599999999999,0,0,0,0,0,0,0,0,0,0,0.0,0,0.0,0.0,0,0,,0,2026-07-18 15:00:00,"natural_charge_window:soc=0.744,i=107.4mA,v=7.80V",0,0,0,0.0,100.0,0,soh_models,,,,,2000.0,0,1,0,0.0,79,96,0.00052694,3928.44,304.46
2026-07-18 16:30:00,163,20260716_235940,_internal,best_sac_model.pth#c0364fb07e,hybrid,50.0,0.15,0.03,96,0.7562,0.7564,18615.46,17304.6,0.7734,0.7745,136.7545,117.1124,0.008816,0.005409,2.06,16,5,0.206,0.613544,1,1,measured,0,5408.53,5938.0,1032.93,5103.51,8816.04,19.89,3.462,4.1,12.848,12.896,90,1.0,-0.0,0.0,0.0,0.0,3,4,-0.003407,1200.0,0,0,1,0,0,0,0,0,0,0.0085,0.0056,0,0,0,0,0,0,0,0,0,0,0.0,0,0.0,0.0,0,0,,0,2026-07-18 15:00:00,"natural_charge_window:soc=0.744,i=107.4mA,v=7.80V",0,0,0,1.04,81.2,0,soh_models,,,,,2000.0,0,1,1,1200.0,80,96,0.0012,3732.43,289.41
2026-07-18 16:45:00,164,20260716_235940,_internal,best_sac_model.pth#c0364fb07e,hybrid,50.0,0.15,0.03,96,0.7566,0.7564,18615.46,17304.6,0.7738,0.7734,136.7545,117.1124,0.008759,0.005274,2.06,16,5,0.206,0.602124,1,1,measured,0,5273.61,5811.0,496.37,4984.57,8758.65,0.0,3.19,0.0,13.306,12.903,88,1.0,-0.0,0.0,0.0,0.0,3,4,-0.003485,0.0,0,0,0,0,0,0,0,0,0,0.0085,0.0056,0,0,0,0,0,0,0,0,0,0,0.0,0,0.0,0.0,0,0,,0,2026-07-18 15:00:00,"natural_charge_window:soc=0.744,i=107.4mA,v=7.80V",0,0,0,1.19,78.7,0,soh_models,,,,,2000.0,0,1,0,0.0,80,96,-0.0,3774.09,292.51
2026-07-18 17:00:00,165,20260716_235940,_internal,best_sac_model.pth#c0364fb07e,hybrid,50.0,0.15,0.03,96,0.7567,0.7555,18615.46,17304.6,0.7741,0.7741,136.7545,117.1124,0.004362,0.005286,2.06,17,5,0.206,1.211829,1,1,measured,0,5286.2,9006.0,1622.35,4993.88,4361.84,0.0,3.19,0.0,13.157,6.714,90,1.0,-0.0,0.0,0.0,0.0,3,2,0.000924,1200.0,0,0,1,0,0,0,0,0,0,0.0085,0.0056,0,0,0,0,0,0,0,0,0,0,0.0,0,0.0,0.0,0,0,,0,2026-07-18 15:00:00,"natural_charge_window:soc=0.744,i=107.4mA,v=7.80V",0,0,0,1.04,81.3,0,soh_models,,,,,2000.0,0,1,1,1200.0,81,96,0.0012,203.53,16.18
2026-07-18 17:15:00,166,20260716_235940,_internal,best_sac_model.pth#c0364fb07e,hybrid,50.0,0.15,0.03,96,0.7552,0.7561,18615.46,17304.6,0.774,0.7743,136.7545,117.1124,0.004362,0.00511,2.06,17,5,0.206,1.171481,1,1,measured,0,5109.93,7435.0,1016.77,4832.48,4361.56,0.0,3.19,0.0,13.285,5.707,89,1.0,-0.0,0.0,0.0,0.0,3,2,0.000748,1200.0,0,0,1,0,0,0,0,0,0,0.0085,0.0056,0,0,0,0,0,0,0,0,0,0,0.0,0,0.0,0.0,0,0,,0,2026-07-18 15:00:00,"natural_charge_window:soc=0.744,i=107.4mA,v=7.80V",0,0,0,1.05,81.1,0,soh_models,,,,,2000.0,0,1,1,1200.0,82,96,0.0012,145.74,13.34
2026-07-18 17:30:00,167,20260716_235940,_internal,best_sac_model.pth#c0364fb07e,hybrid,50.0,0.15,0.03,96,0.7556,0.7556,18615.46,17304.6,0.7746,0.7735,136.7545,117.1124,0.004368,0.004703,2.06,17,5,0.206,1.076694,1,1,measured,0,4703.47,6196.0,986.69,4459.41,4367.59,0.0,3.19,0.0,13.13,6.714,90,1.0,-0.0,0.0,0.0,0.0,3,2,0.000335,0.0,0,0,0,0,0,0,0,0,0,0.0085,0.0056,0,0,0,0,0,0,0,0,0,0,0.0,0,0.0,0.0,0,0,,0,2026-07-18 15:00:00,"natural_charge_window:soc=0.744,i=107.4mA,v=7.80V",0,0,0,1.07,80.7,0,soh_models,,,,,2000.0,0,1,0,0.0,82,96,-0.0,324.1,25.1
2026-07-18 17:45:00,168,20260716_235940,_internal,best_sac_model.pth#c0364fb07e,hybrid,50.0,0.15,0.03,96,0.7555,0.7562,18615.46,17304.6,0.7739,0.7745,136.7545,117.1124,0.004411,0.003872,2.06,17,5,0.206,0.877805,1,1,measured,0,3872.32,5121.0,877.19,3682.02,4410.73,0.0,3.19,0.0,12.765,11.979,90,1.0,-0.0,0.0,0.0,0.0,3,2,-0.000539,0.0,0,0,0,0,0,0,0,0,0,0.0085,0.0056,0,0,0,0,0,0,0,0,0,0,0.0,0,0.0,0.0,0,0,,0,2026-07-18 15:00:00,"natural_charge_window:soc=0.744,i=107.4mA,v=7.80V",0,0,0,1.05,81.1,0,soh_models,,,,,2000.0,0,1,0,0.0,82,96,-0.0,755.23,58.83
2026-07-18 18:00:00,169,20260716_235940,_internal,best_sac_model.pth#c0364fb07e,hybrid,50.0,0.15,0.03,96,0.7561,0.7556,18615.46,17304.6,0.7749,0.7743,136.7545,117.1124,0.004285,0.0023,2.06,18,5,0.206,0.536756,1,1,measured,0,2299.99,3280.0,544.82,2172.68,4284.62,0.0,3.19,0.0,12.785,12.902,90,1.0,-0.0,0.0,0.0,0.0,3,2,-0.001985,1200.0,0,0,1,0,0,0,0,0,0,0.0085,0.0056,0,0,0,0,0,0,0,0,0,0,0.0,0,0.0,0.0,0,0,,0,2026-07-18 15:00:00,"natural_charge_window:soc=0.744,i=107.4mA,v=7.80V",0,0,0,1.08,80.6,0,soh_models,,,,,2000.0,0,1,1,1200.0,83,96,0.0012,2111.94,163.7
2026-07-18 18:15:00,170,20260716_235940,_internal,best_sac_model.pth#c0364fb07e,hybrid,50.0,0.15,0.03,96,0.7558,0.7557,18615.46,17304.6,0.7739,0.7735,136.7545,117.1124,0.004347,0.000913,2.06,18,5,0.206,0.21003,1,1,measured,0,912.9,1523.0,281.54,856.94,4346.95,0.0,3.19,0.0,12.932,12.902,90,1.0,-0.0,0.0,0.0,0.0,3,2,-0.003434,1200.0,0,0,1,0,0,0,0,0,0,0.0085,0.0056,0,0,0,0,0,0,0,0,0,0,0.0,0,0.0,0.0,0,0,,0,2026-07-18 15:00:00,"natural_charge_window:soc=0.744,i=107.4mA,v=7.80V",0,0,0,1.03,81.4,0,soh_models,,,,,2000.0,0,1,1,1200.0,84,96,0.0012,3490.01,270.49
2026-07-18 18:30:00,171,20260716_235940,_internal,best_sac_model.pth#c0364fb07e,hybrid,50.0,0.15,0.03,96,0.7554,0.7561,18615.46,17304.6,0.774,0.7736,136.7545,117.1124,0.004217,0.000151,2.06,18,5,0.206,0.035807,1,1,measured,0,151.02,429.0,133.05,116.93,4217.13,0.0,3.19,0.0,11.717,12.898,91,1.0,-0.0,0.0,0.0,0.0,3,2,-0.004066,1200.0,0,0,1,0,0,0,0,0,0,0.0085,0.0056,0,0,0,0,0,0,0,0,0,0,0.0,0,0.0,0.0,0,0,,0,2026-07-18 15:00:00,"natural_charge_window:soc=0.744,i=107.4mA,v=7.80V",0,0,0,1.05,81.0,0,soh_models,,,,,2000.0,0,1,1,1200.0,85,96,0.0012,4100.2,317.92
2026-07-18 18:45:00,172,20260716_235940,_internal,best_sac_model.pth#c0364fb07e,hybrid,50.0,0.15,0.03,96,0.731,0.7305,18615.46,17338.08,0.7488,0.7487,136.7545,117.3778,0.004208,1.2e-05,2.06,18,5,0.206,0.002852,1,1,measured,0,11.79,21.0,5.84,0.38,4207.89,-1074.63,7.827,-136.2,2.362,12.901,90,1.0,-0.0011124,60.0,1112.4,60.0,1,2,-0.004196,0.0,0,0,0,0,0,0,0,0,1,0.0051,0.0033599999999999,0,0,0,0,0,0,0,0,0,0,0.0,0,0.0,0.0,0,0,,0,2026-07-18 15:00:00,"natural_charge_window:soc=0.744,i=107.4mA,v=7.80V",0,0,0,0.0,100.0,0,soh_models,,,,,2000.0,0,1,0,0.0,85,96,-0.0011124,4207.51,326.14
2026-07-18 19:00:00,173,20260716_235940,_internal,best_sac_model.pth#c0364fb07e,hybrid,50.0,0.15,0.03,96,0.7044,0.7047,18615.46,17372.61,0.7223,0.7226,136.7545,117.6499,0.004287,1.6e-05,2.06,19,5,0.206,0.003732,1,1,measured,0,15.7,16.0,0.77,0.0,4286.89,-1088.33,7.871,-138.2,0.988,12.897,88,1.0,-0.00112697,60.0,1127.0,60.0,1,2,-0.004271,0.0,0,0,0,0,0,0,0,0,1,0.0051,0.0033599999999999,0,0,0,0,0,0,0,0,0,0,0.0,0,0.0,0.0,0,0,,0,2026-07-18 15:00:00,"natural_charge_window:soc=0.744,i=107.4mA,v=7.80V",0,0,0,0.0,100.0,0,soh_models,,,,,2000.0,0,1,0,0.0,85,96,-0.00112697,4287.2,332.42
2026-07-18 19:15:00,174,20260716_235940,_internal,best_sac_model.pth#c0364fb07e,hybrid,50.0,0.15,0.03,96,0.675,0.6755,18615.46,17411.31,0.692,0.693,136.7545,117.9531,0.004331,2e-06,2.06,19,5,0.206,0.000462,1,1,measured,0,1.57,13.0,4.2,0.0,4331.43,-1199.84,7.883,-152.2,0.122,12.905,90,1.0,-0.00121525,60.0,1215.2,60.0,1,2,-0.004329,0.0,0,0,0,0,0,0,0,0,1,0.0051,0.0033599999999999,0,0,0,0,0,0,0,0,0,0,0.0,0,0.0,0.0,0,0,,0,2026-07-18 15:00:00,"natural_charge_window:soc=0.744,i=107.4mA,v=7.80V",0,0,0,0.0,100.0,0,soh_models,,,,,2000.0,0,1,0,0.0,85,96,-0.00121525,4331.43,335.65
2026-07-18 19:30:00,175,20260716_235940,_internal,best_sac_model.pth#c0364fb07e,hybrid,50.0,0.15,0.03,96,0.6458,0.646,18615.46,17449.39,0.6642,0.6638,136.7545,118.2472,0.004242,0.0,2.06,19,5,0.206,0.0,1,1,measured,0,0.11,10.0,1.05,0.0,4242.17,-1139.1,7.757,-146.9,0.01,12.901,90,1.0,-0.00116749,60.0,1167.5,60.0,1,2,-0.004242,0.0,0,0,0,0,0,0,0,0,1,0.0051,0.0033599999999999,0,0,0,0,0,0,0,0,0,0,0.0,0,0.0,0.0,0,0,,0,2026-07-18 15:00:00,"natural_charge_window:soc=0.744,i=107.4mA,v=7.80V",0,0,0,0.0,100.0,0,soh_models,,,,,2000.0,0,1,0,0.0,85,96,-0.00116749,4242.17,328.85
2026-07-18 19:45:00,176,20260716_235940,_internal,best_sac_model.pth#c0364fb07e,hybrid,50.0,0.15,0.03,96,0.6175,0.6178,18615.46,17487.48,0.6365,0.6354,136.7545,118.5377,0.004262,0.0,2.06,19,5,0.206,0.0,0,0,measured,0,0.0,0.0,0.0,0.0,4262.49,-1171.28,7.605,-154.1,0.0,12.901,90,1.0,-0.00116781,60.0,1167.8,60.0,1,2,-0.004262,0.0,0,0,0,0,0,0,0,0,1,0.0051,0.0033599999999999,0,0,0,0,0,0,0,0,0,0,0.0,0,0.0,0.0,0,0,,0,2026-07-18 15:00:00,"natural_charge_window:soc=0.744,i=107.4mA,v=7.80V",0,0,0,0.0,100.0,0,soh_models,,,,,2000.0,0,1,0,0.0,85,96,-0.00116781,4262.49,330.4
2026-07-18 20:00:00,177,20260716_235940,_internal,best_sac_model.pth#c0364fb07e,hybrid,50.0,0.15,0.03,96,0.5897,0.5898,18615.46,17526.28,0.6074,0.6072,136.7545,118.83,0.002115,0.0,2.06,20,5,0.206,0.0,0,0,measured,0,0.0,0.0,0.0,0.0,2115.35,-1146.52,7.482,-153.2,0.0,12.897,90,1.0,-0.00117465,60.0,1174.7,60.0,1,1,-0.002115,0.0,0,0,0,0,0,0,0,0,1,0.0051,0.0033599999999999,0,0,0,0,0,0,0,0,0,0,0.0,0,0.0,0.0,0,0,,0,2026-07-18 15:00:00,"natural_charge_window:soc=0.744,i=107.4mA,v=7.80V",0,0,0,0.0,100.0,0,soh_models,,,,,2000.0,0,1,0,0.0,85,96,-0.00117465,2115.35,164.02
2026-07-18 20:15:00,178,20260716_235940,_internal,best_sac_model.pth#c0364fb07e,hybrid,50.0,0.15,0.03,96,0.5743,0.5746,18615.46,17547.16,0.5927,0.5935,136.7545,118.9791,0.002162,0.0,2.06,20,5,0.206,0.0,0,0,measured,0,0.0,0.0,0.0,0.0,2162.11,-584.08,7.068,-82.1,0.0,12.902,89,1.0,-0.00055896,60.0,559.0,60.0,1,1,-0.002162,0.0,0,0,0,0,0,0,0,0,1,0.0051,0.0033599999999999,0,0,0,0,0,0,0,0,0,0,0.0,0,0.0,0.0,0,0,,0,2026-07-18 15:00:00,"natural_charge_window:soc=0.744,i=107.4mA,v=7.80V",0,0,0,0.0,100.0,0,soh_models,,,,,2000.0,0,1,0,0.0,85,96,-0.00055896,2163.53,167.69
2026-07-18 20:30:00,179,20260716_235940,_internal,best_sac_model.pth#c0364fb07e,hybrid,50.0,0.15,0.03,96,0.5619,0.5616,18615.46,17566.94,0.5798,0.5796,136.7545,119.1183,0.002107,0.0,2.06,20,5,0.206,0.0,0,0,measured,0,0.0,0.0,0.0,0.0,2106.53,-566.28,7.031,-80.7,0.0,12.901,90,1.0,-0.00055742,60.0,557.4,60.0,1,1,-0.002107,0.0,0,0,0,0,0,0,0,0,1,0.0051,0.0033599999999999,0,0,0,0,0,0,0,0,0,0,0.0,0,0.0,0.0,0,0,,0,2026-07-18 15:00:00,"natural_charge_window:soc=0.744,i=107.4mA,v=7.80V",0,0,0,0.0,100.0,0,soh_models,,,,,2000.0,0,1,0,0.0,85,96,-0.00055742,2106.53,163.29
2026-07-18 20:45:00,180,20260716_235940,_internal,best_sac_model.pth#c0364fb07e,hybrid,50.0,0.15,0.03,96,0.5476,0.5481,18615.46,17586.88,0.5669,0.5666,136.7545,119.2575,0.002137,0.0,2.06,20,5,0.206,0.0,0,0,measured,0,0.0,0.0,0.0,0.0,2136.73,-551.19,6.996,-78.8,0.0,12.902,91,1.0,-0.00055048,60.0,550.5,60.0,1,1,-0.002137,0.0,0,0,0,0,0,0,0,0,1,0.0051,0.0033599999999999,0,0,0,0,0,0,0,0,0,0,0.0,0,0.0,0.0,0,0,,0,2026-07-18 15:00:00,"natural_charge_window:soc=0.744,i=107.4mA,v=7.80V",0,0,0,0.0,100.0,0,soh_models,,,,,2000.0,0,1,0,0.0,85,96,-0.00055048,2136.73,165.6
2026-07-18 21:00:00,181,20260716_235940,_internal,best_sac_model.pth#c0364fb07e,hybrid,50.0,0.15,0.03,96,0.5339,0.5344,18615.46,17606.54,0.5522,0.5527,136.7545,119.3938,0.002143,0.0,2.06,21,5,0.206,0.0,0,0,measured,0,0.0,0.0,0.0,0.0,2142.95,-572.19,6.952,-82.3,0.0,12.9,90,1.0,-0.00056181,60.0,561.8,60.0,1,1,-0.002143,0.0,0,0,0,0,0,0,0,0,1,0.0051,0.0033599999999999,0,0,0,0,0,0,0,0,0,0,0.0,0,0.0,0.0,0,0,,0,2026-07-18 15:00:00,"natural_charge_window:soc=0.744,i=107.4mA,v=7.80V",0,0,0,0.0,100.0,0,soh_models,,,,,2000.0,0,1,0,0.0,85,96,-0.00056181,2142.95,166.13
2026-07-18 21:15:00,182,20260716_235940,_internal,best_sac_model.pth#c0364fb07e,hybrid,50.0,0.15,0.03,96,0.5215,0.52,18615.46,17626.53,0.5391,0.5396,136.7545,119.5315,0.00216,0.0,2.06,21,5,0.206,0.0,0,0,measured,0,0.0,0.0,0.0,0.0,2159.94,-549.29,6.905,-79.6,0.0,12.897,89,1.0,-0.00055299,60.0,553.0,60.0,1,1,-0.00216,0.0,0,0,0,0,0,0,0,0,1,0.0051,0.0033599999999999,0,0,0,0,0,0,0,0,0,0,0.0,0,0.0,0.0,0,0,,0,2026-07-18 15:00:00,"natural_charge_window:soc=0.744,i=107.4mA,v=7.80V",0,0,0,0.0,100.0,0,soh_models,,,,,2000.0,0,1,0,0.0,85,96,-0.00055299,2159.94,167.48
2026-07-18 21:30:00,183,20260716_235940,_internal,best_sac_model.pth#c0364fb07e,hybrid,50.0,0.15,0.03,96,0.5084,0.5082,18615.46,17645.63,0.5265,0.527,136.7545,119.6617,0.002148,9e-06,2.06,21,5,0.206,0.00419,1,1,measured,0,8.86,11.0,4.28,0.0,2147.51,-522.73,6.838,-76.4,0.729,12.902,90,1.0,-0.00051902,60.0,519.0,60.0,1,1,-0.002139,0.0,0,0,0,0,0,0,0,0,1,0.0051,0.0033599999999999,0,0,0,0,0,0,0,0,0,0,0.0,0,0.0,0.0,0,0,,0,2026-07-18 15:00:00,"natural_charge_window:soc=0.744,i=107.4mA,v=7.80V",0,0,0,0.0,100.0,0,soh_models,,,,,2000.0,0,1,0,0.0,85,96,-0.00051902,2147.51,166.44
2026-07-18 21:45:00,184,20260716_235940,_internal,best_sac_model.pth#c0364fb07e,hybrid,50.0,0.15,0.03,96,0.4973,0.4963,18615.46,17664.45,0.5153,0.5146,136.7545,119.7891,0.002106,1.1e-05,2.06,21,5,0.206,0.005223,1,1,measured,0,10.76,11.0,1.62,0.0,2106.07,-521.5,6.78,-76.9,0.931,12.901,90,1.0,-0.00050869,60.0,508.7,60.0,1,1,-0.002095,0.0,0,0,0,0,0,0,0,0,1,0.0051,0.0033599999999999,0,0,0,0,0,0,0,0,0,0,0.0,0,0.0,0.0,0,0,,0,2026-07-18 15:00:00,"natural_charge_window:soc=0.744,i=107.4mA,v=7.80V",0,0,0,0.0,100.0,0,soh_models,,,,,2000.0,0,1,0,0.0,85,96,-0.00050869,2106.07,163.25
2026-07-18 22:00:00,185,20260716_235940,_internal,best_sac_model.pth#c0364fb07e,hybrid,50.0,0.15,0.03,96,0.4826,0.4819,18615.46,17685.13,0.5004,0.5006,136.7545,119.9287,0.002144,1.1e-05,2.06,22,5,0.206,0.005131,1,1,measured,0,11.23,12.0,0.42,0.0,2144.05,-561.25,6.751,-83.2,0.941,12.903,91,1.0,-0.0005584,60.0,558.4,60.0,1,1,-0.002133,0.0,0,0,0,0,0,0,0,0,1,0.0051,0.0033599999999999,0,0,0,0,0,0,0,0,0,0,0.0,0,0.0,0.0,0,0,,0,2026-07-18 15:00:00,"natural_charge_window:soc=0.744,i=107.4mA,v=7.80V",0,0,0,0.0,100.0,0,soh_models,,,,,2000.0,0,1,0,0.0,85,96,-0.0005584,2144.05,166.16
2026-07-18 22:15:00,186,20260716_235940,_internal,best_sac_model.pth#c0364fb07e,hybrid,50.0,0.15,0.03,96,0.4703,0.4709,18615.46,17704.14,0.4884,0.4887,136.7545,120.0558,0.002129,1.2e-05,2.06,22,5,0.206,0.005636,1,1,measured,0,11.87,12.0,1.25,0.0,2128.77,-526.07,6.659,-79.0,0.957,12.901,91,1.0,-0.00050309,60.0,503.1,60.0,1,1,-0.002117,0.0,0,0,0,0,0,0,0,0,1,0.0051,0.0033599999999999,0,0,0,0,0,0,0,0,0,0,0.0,0,0.0,0.0,0,0,,0,2026-07-18 15:00:00,"natural_charge_window:soc=0.744,i=107.4mA,v=7.80V",0,0,0,0.0,100.0,0,soh_models,,,,,2000.0,0,1,0,0.0,85,96,-0.00050309,2128.77,165.01
2026-07-18 22:30:00,187,20260716_235940,_internal,best_sac_model.pth#c0364fb07e,hybrid,50.0,0.15,0.03,96,0.4581,0.4577,18615.46,17723.32,0.4763,0.4764,136.7545,120.183,0.002135,1.1e-05,2.06,22,5,0.206,0.005152,1,1,measured,0,10.89,12.0,1.17,0.0,2135.15,-517.57,6.676,-77.5,0.938,12.902,89,1.0,-0.00050843,60.0,508.4,60.0,1,1,-0.002124,0.0,0,0,0,0,0,0,0,0,1,0.0051,0.0033599999999999,0,0,0,0,0,0,0,0,0,0,0.0,0,0.0,0.0,0,0,,0,2026-07-18 15:00:00,"natural_charge_window:soc=0.744,i=107.4mA,v=7.80V",0,0,0,0.0,100.0,0,soh_models,,,,,2000.0,0,1,0,0.0,85,96,-0.00050843,2135.15,165.5
2026-07-18 22:45:00,188,20260716_235940,_internal,best_sac_model.pth#c0364fb07e,hybrid,50.0,0.15,0.03,96,0.4457,0.4456,18615.46,17743.03,0.4635,0.4645,136.7545,120.3132,0.002152,1.1e-05,2.06,22,5,0.206,0.005112,1,1,measured,0,10.51,11.0,2.27,0.0,2151.84,-519.11,6.617,-78.5,0.885,12.896,90,1.0,-0.00052769,60.0,527.7,60.0,1,1,-0.002141,0.0,0,0,0,0,0,0,0,0,1,0.0051,0.0033599999999999,0,0,0,0,0,0,0,0,0,0,0.0,0,0.0,0.0,0,0,,0,2026-07-18 15:00:00,"natural_charge_window:soc=0.744,i=107.4mA,v=7.80V",0,0,0,0.0,100.0,0,soh_models,,,,,2000.0,0,1,0,0.0,85,96,-0.00052769,2151.84,166.86
2026-07-18 23:00:00,189,20260716_235940,_internal,best_sac_model.pth#c0364fb07e,hybrid,50.0,0.15,0.03,96,0.4333,0.4329,18615.46,17763.01,0.4512,0.4512,136.7545,120.444,0.002146,1.1e-05,2.06,23,5,0.206,0.005126,1,1,measured,0,10.57,11.0,2.0,0.0,2145.73,-515.11,6.565,-78.4,0.901,12.902,88,1.0,-0.00052014,60.0,520.1,60.0,1,1,-0.002135,0.0,0,0,0,0,0,0,0,0,1,0.0051,0.0033599999999999,0,0,0,0,0,0,0,0,0,0,0.0,0,0.0,0.0,0,0,,0,2026-07-18 15:00:00,"natural_charge_window:soc=0.744,i=107.4mA,v=7.80V",0,0,0,0.0,100.0,0,soh_models,,,,,2000.0,0,1,0,0.0,85,96,-0.00052014,2145.73,166.31
2026-07-18 23:15:00,190,20260716_235940,_internal,best_sac_model.pth#c0364fb07e,hybrid,50.0,0.15,0.03,96,0.4204,0.4206,18615.46,17782.35,0.4386,0.4386,136.7545,120.5695,0.00212,1.1e-05,2.06,23,5,0.206,0.005189,1,1,measured,0,10.75,11.0,1.63,0.0,2119.69,-496.28,6.497,-76.4,0.911,12.9,89,1.0,-0.00050215,60.0,502.2,60.0,1,1,-0.002109,0.0,0,0,0,0,0,0,0,0,1,0.0051,0.0033599999999999,0,0,0,0,0,0,0,0,0,0,0.0,0,0.0,0.0,0,0,,0,2026-07-18 15:00:00,"natural_charge_window:soc=0.744,i=107.4mA,v=7.80V",0,0,0,0.0,100.0,0,soh_models,,,,,2000.0,0,1,0,0.0,85,96,-0.00050215,2119.69,164.32
2026-07-18 23:30:00,191,20260716_235940,_internal,best_sac_model.pth#c0364fb07e,hybrid,50.0,0.15,0.03,96,0.408,0.4075,18615.46,17802.31,0.4261,0.4261,136.7545,120.6988,0.00211,1.1e-05,2.06,23,5,0.206,0.005213,1,1,measured,0,10.73,12.0,1.64,0.0,2110.48,-505.64,6.479,-78.0,0.914,12.898,89,1.0,-0.0005301,60.0,530.1,60.0,1,1,-0.002099,0.0,0,0,0,0,0,0,0,0,1,0.0051,0.0033599999999999,0,0,0,0,0,0,0,0,0,0,0.0,0,0.0,0.0,0,0,,0,2026-07-18 15:00:00,"natural_charge_window:soc=0.744,i=107.4mA,v=7.80V",0,0,0,0.0,100.0,0,soh_models,,,,,2000.0,0,1,0,0.0,85,96,-0.0005301,2111.45,163.7
2026-07-18 23:45:00,192,20260716_235940,_internal,best_sac_model.pth#c0364fb07e,hybrid,50.0,0.15,0.03,96,0.3964,0.3963,18615.46,17822.09,0.4141,0.414,136.7545,120.8256,0.002128,1.1e-05,2.06,23,5,0.206,0.005169,1,1,measured,0,10.76,11.0,1.61,0.0,2128.35,-498.5,6.411,-77.8,0.893,12.899,91,1.0,-0.00050432,60.0,504.3,60.0,1,1,-0.002117,0.0,0,0,0,0,0,0,0,0,1,0.0051,0.0033599999999999,0,0,0,0,0,0,0,0,0,0,0.0,0,0.0,0.0,0,0,,0,2026-07-18 15:00:00,"natural_charge_window:soc=0.744,i=107.4mA,v=7.80V",0,0,0,0.0,100.0,0,soh_models,,,,,2000.0,0,1,0,0.0,85,96,-0.00050432,2128.35,165.0
